-- migrate:up

-- Insertar 30 personas (trabajadores)
INSERT INTO persons (id, names, lastNames, documentNumber, sex_id, document_type_id, imageUrl, birthDate) VALUES
(1, 'Juan', 'García Pérez', '12345678', 1, 1, '/img/user.png', '1990-05-15'),
(2, 'María', 'López Rodríguez', '23456789', 2, 1, '/img/user.png', '1988-08-22'),
(3, 'Carlos', 'Martínez Sánchez', '34567890', 1, 1, '/img/user.png', '1992-03-10'),
(4, 'Ana', 'González Fernández', '45678901', 2, 1, '/img/user.png', '1991-11-30'),
(5, 'Luis', 'Rodríguez Díaz', '56789012', 1, 2, '/img/user.png', '1989-07-18'),
(6, 'Laura', 'Fernández Gómez', '67890123', 2, 1, '/img/user.png', '1993-09-25'),
(7, 'Pedro', 'Sánchez Ruiz', '78901234', 1, 1, '/img/user.png', '1987-12-05'),
(8, 'Carmen', 'Díaz Hernández', '89012345', 2, 2, '/img/user.png', '1994-04-14'),
(9, 'Javier', 'Ruiz Jiménez', '90123456', 1, 1, '/img/user.png', '1986-06-20'),
(10, 'Isabel', 'Jiménez Moreno', '01234567', 2, 1, '/img/user.png', '1995-02-28'),
(11, 'Miguel', 'Moreno Álvarez', '11223344', 1, 1, '/img/user.png', '1988-10-08'),
(12, 'Sofia', 'Álvarez Romero', '22334455', 2, 2, '/img/user.png', '1992-07-12'),
(13, 'David', 'Romero Torres', '33445566', 1, 1, '/img/user.png', '1990-01-17'),
(14, 'Elena', 'Torres Navarro', '44556677', 2, 1, '/img/user.png', '1993-05-29'),
(15, 'Antonio', 'Navarro Gil', '55667788', 1, 1, '/img/user.png', '1989-09-03'),
(16, 'Patricia', 'Gil Castro', '66778899', 2, 2, '/img/user.png', '1994-11-11'),
(17, 'José', 'Castro Ortega', '77889900', 1, 1, '/img/user.png', '1987-03-22'),
(18, 'Marta', 'Ortega Ramos', '88990011', 2, 1, '/img/user.png', '1991-08-19'),
(19, 'Francisco', 'Ramos Muñoz', '99001122', 1, 1, '/img/user.png', '1986-12-25'),
(20, 'Lucía', 'Muñoz García', '00112233', 2, 1, '/img/user.png', '1995-04-07'),
(21, 'Alejandro', 'García López', '11223355', 1, 2, '/img/user.png', '1988-06-15'),
(22, 'Raquel', 'López Martínez', '22334466', 2, 1, '/img/user.png', '1992-09-20'),
(23, 'Daniel', 'Martínez González', '33445577', 1, 1, '/img/user.png', '1990-02-12'),
(24, 'Natalia', 'González Rodríguez', '44556688', 2, 1, '/img/user.png', '1993-10-05'),
(25, 'Manuel', 'Rodríguez Fernández', '55667799', 1, 1, '/img/user.png', '1987-07-30'),
(26, 'Teresa', 'Fernández Sánchez', '66778800', 2, 2, '/img/user.png', '1994-01-18'),
(27, 'Jorge', 'Sánchez Díaz', '77889911', 1, 1, '/img/user.png', '1989-11-08'),
(28, 'Rosa', 'Díaz Pérez', '88990022', 2, 1, '/img/user.png', '1991-04-27'),
(29, 'Alberto', 'Pérez Gómez', '99001133', 1, 1, '/img/user.png', '1986-08-14'),
(30, 'Silvia', 'Gómez Ruiz', '00112244', 2, 1, '/img/user.png', '1995-12-03');

-- Insertar los trabajadores
INSERT INTO workers (id, code, bio, person_id) VALUES
(1, 1001, 'Profesional con más de 5 años de experiencia en ventas y atención al cliente. Especializado en el sector retail y con habilidades destacadas para la negociación y el cierre de ventas. Capacidad para trabajar bajo presión y alcanzar objetivos comerciales.', 1),
(2, 1002, 'Especialista en marketing digital con enfoque en redes sociales y content marketing. Manejo avanzado de herramientas como Google Analytics, SEMrush y Meta Business Suite. Experiencia en creación de estrategias digitales que han aumentado el engagement en un 40%.', 2),
(3, 1003, 'Técnico en mantenimiento industrial con 8 años de experiencia en plantas de producción. Conocimiento en mantenimiento preventivo y correctivo de maquinaria pesada, sistemas eléctricos y neumáticos. Certificado en seguridad industrial y manejo de equipos de alta tensión.', 3),
(4, 1004, 'Administradora de empresas con mención en finanzas. Experiencia en gestión de equipos, control presupuestario y optimización de procesos administrativos. Capacidad para liderar proyectos de mejora continua y reducir costos operativos sin afectar la calidad.', 4),
(5, 1005, 'Ingeniero de sistemas con 8 años de experiencia en desarrollo de software y administración de bases de datos. Conocimiento en lenguajes como Java, Python y SQL. Experiencia en implementación de sistemas ERP y soporte técnico a usuarios finales.', 5),
(6, 1006, 'Diseñadora gráfica freelance con portafolio diverso en branding, diseño editorial y marketing digital. Manejo avanzado de Adobe Creative Suite (Photoshop, Illustrator, InDesign). Creativa, responsable y con capacidad para entender las necesidades de cada cliente.', 6),
(7, 1007, 'Contador público colegiado con más de 6 años de experiencia en despachos contables y empresas del sector privado. Especialista en declaraciones fiscales, nóminas y análisis financiero. Manejo de software contable como CONTPAQi y SAP.', 7),
(8, 1008, 'Abogada especialista en derecho laboral y seguridad social. Experiencia en asesoría a empresas en materia de contrataciones, despidos y prevención de riesgos laborales. Habilidad para la negociación y resolución de conflictos laborales.', 8),
(9, 1009, 'Arquitecto con 7 años de experiencia en diseño y supervisión de proyectos residenciales y comerciales. Manejo de software como AutoCAD, Revit y SketchUp. Enfoque en diseños sostenibles y funcionales que cumplen con las expectativas del cliente.', 9),
(10, 1010, 'Médica general con experiencia en atención primaria y urgencias. Capacidad para diagnosticar y tratar diversas patologías en pacientes de todas las edades. Empatía, comunicación efectiva y compromiso con la salud y bienestar de los pacientes.', 10),
(11, 1011, 'Ingeniero civil con 9 años de experiencia en construcción de obras verticales y horizontales. Especializado en supervisión de obra, control de calidad y gestión de recursos. Conocimiento en normativas de construcción y seguridad estructural.', 11),
(12, 1012, 'Psicóloga clínica con enfoque en terapia cognitivo-conductual. Experiencia en atención a adolescentes y adultos con trastornos de ansiedad, depresión y problemas de autoestima. Habilidad para establecer rapport y crear un espacio terapéutico seguro.', 12),
(13, 1013, 'Profesor de matemáticas con más de 10 años de experiencia en educación secundaria y preparatoria. Capacidad para explicar conceptos complejos de manera sencilla y adaptarse a diferentes estilos de aprendizaje. Paciente y comprometido con el éxito académico de sus estudiantes.', 13),
(14, 1014, 'Periodista con 6 años de experiencia en medios impresos y digitales. Habilidad para investigar, redactar y editar noticias de actualidad con objetividad y precisión. Experiencia en cobertura de eventos en vivo y entrevistas a personalidades.', 14),
(15, 1015, 'Chef profesional con formación en cocina internacional y repostería. Experiencia en restaurantes de alta cocina y gestión de cocinas industriales. Creativo, apasionado por la innovación culinaria y con capacidad para liderar equipos bajo presión.', 15),
(16, 1016, 'Enfermera jefe con 8 años de experiencia en áreas de hospitalización y cuidados intensivos. Liderazgo de equipos de enfermería, administración de medicamentos y cuidados de pacientes críticos. Compromiso con la calidad asistencial y la seguridad del paciente.', 16),
(17, 1017, 'Electricista certificado con más de 12 años de experiencia en instalaciones residenciales, comerciales e industriales. Conocimiento en sistemas de control, tableros eléctricos y mantenimiento de redes. Enfoque en la seguridad y el cumplimiento de normativas.', 17),
(18, 1018, 'Recepcionista bilingüe (inglés-español) con experiencia en hoteles y empresas corporativas. Habilidad para la atención al cliente, manejo de llamadas y gestión de agendas. Imagen profesional, excelente comunicación y capacidad para resolver imprevistos.', 18),
(19, 1019, 'Mecánico automotriz con 10 años de experiencia en diagnóstico y reparación de vehículos nacionales e importados. Especialista en motores a gasolina y sistemas electrónicos automotrices. Responsable, honesto y con atención al detalle.', 19),
(20, 1020, 'Veterinaria especialista en pequeños animales con experiencia en clínicas y hospitales veterinarios. Diagnóstico, tratamiento y cirugía de perros y gatos. Amor por los animales, comunicación clara con los dueños y actualización constante en medicina veterinaria.', 20),
(21, 1021, 'Programador full stack con 5 años de experiencia en desarrollo web y aplicaciones móviles. Manejo de tecnologías como React, Node.js, Python y bases de datos SQL/NoSQL. Capacidad para trabajar en equipo y entregar proyectos en tiempo y forma.', 21),
(22, 1022, 'Diseñadora de interiores con experiencia en proyectos residenciales y comerciales. Capacidad para crear espacios funcionales y estéticos que reflejan la personalidad y necesidades de cada cliente. Manejo de software de diseño y tendencias actuales.', 22),
(23, 1023, 'Community manager con 4 años de experiencia gestionando redes sociales para marcas de moda y estilo de vida. Creación de contenido, community building y análisis de métricas. Conocimiento en herramientas de programación y diseño básico.', 23),
(24, 1024, 'Asistente administrativa con más de 7 años de experiencia en apoyo a gerencias y dirección. Manejo de agenda, redacción de documentos, organización de eventos y archivo. Proactiva, organizada y con dominio de paquetería Office.', 24),
(25, 1025, 'Técnico en refrigeración con 8 años de experiencia en instalación y mantenimiento de sistemas de aire acondicionado y refrigeración comercial. Diagnóstico de fallas, carga de gas y reparación de equipos. Certificado en manejo de refrigerantes.', 25),
(26, 1026, 'Farmacéutica con experiencia en farmacias comunitarias y hospitalarias. Conocimiento en dispensación de medicamentos, atención al cliente y control de inventarios. Compromiso con la salud y la educación del paciente sobre el uso adecuado de medicamentos.', 26),
(27, 1027, 'Conductor profesional con licencia de categoría superior y más de 15 años de experiencia en transporte de pasajeros y carga. Conocimiento de rutas nacionales, manejo defensivo y mantenimiento básico de vehículos. Responsable y puntual.', 27),
(28, 1028, 'Estilista profesional con 9 años de experiencia en cortes de cabello, coloración y peinados para ocasiones especiales. Actualizada en tendencias y técnicas innovadoras. Capacidad para asesorar a clientes y crear looks personalizados.', 28),
(29, 1029, 'Carpintero ebanista con más de 20 años de experiencia en fabricación y restauración de muebles finos. Especialista en maderas nobles y técnicas tradicionales de carpintería. Atención al detalle, creatividad y pasión por el trabajo bien hecho.', 29),
(30, 1030, 'Pastelera profesional con formación en repostería francesa y diseño de pasteles. Experiencia en pastelerías y catering para eventos. Creativa, perfeccionista y con habilidad para combinar sabores y texturas que deleitan a los clientes.', 30);

-- Insertar teléfonos con IDs explícitos (1 de cada 2 trabajadores tendrá 2 teléfonos)
INSERT INTO phones (id, person_id, description, phone) VALUES
(1, 1, 'Personal', '555-1001'),
(2, 1, 'Trabajo', '555-1002'),
(3, 2, 'Personal', '555-2001'),
(4, 3, 'Personal', '555-3001'),
(5, 3, 'Casa', '555-3002'),
(6, 4, 'Personal', '555-4001'),
(7, 5, 'Personal', '555-5001'),
(8, 6, 'Personal', '555-6001'),
(9, 6, 'WhatsApp', '555-6002'),
(10, 7, 'Personal', '555-7001'),
(11, 8, 'Personal', '555-8001'),
(12, 8, 'Oficina', '555-8002'),
(13, 9, 'Personal', '555-9001'),
(14, 10, 'Personal', '555-1010'),
(15, 11, 'Personal', '555-1111'),
(16, 11, 'Trabajo', '555-1112'),
(17, 12, 'Personal', '555-1212'),
(18, 13, 'Personal', '555-1313'),
(19, 13, 'Casa', '555-1314'),
(20, 14, 'Personal', '555-1414'),
(21, 15, 'Personal', '555-1515'),
(22, 16, 'Personal', '555-1616'),
(23, 16, 'Clínica', '555-1617'),
(24, 17, 'Personal', '555-1717'),
(25, 18, 'Personal', '555-1818'),
(26, 18, 'WhatsApp', '555-1819'),
(27, 19, 'Personal', '555-1919'),
(28, 20, 'Personal', '555-2020'),
(29, 21, 'Personal', '555-2121'),
(30, 21, 'Trabajo', '555-2122'),
(31, 22, 'Personal', '555-2222'),
(32, 23, 'Personal', '555-2323'),
(33, 23, 'Móvil', '555-2324'),
(34, 24, 'Personal', '555-2424'),
(35, 25, 'Personal', '555-2525'),
(36, 26, 'Personal', '555-2626'),
(37, 26, 'Farmacia', '555-2627'),
(38, 27, 'Personal', '555-2727'),
(39, 28, 'Personal', '555-2828'),
(40, 28, 'Salón', '555-2829'),
(41, 29, 'Personal', '555-2929'),
(42, 30, 'Personal', '555-3030'),
(43, 30, 'WhatsApp', '555-3031');

-- Insertar direcciones con IDs explícitos (1 de cada 5 trabajadores tendrá 2 direcciones)
INSERT INTO addresses (id, person_id, description, address) VALUES
(1, 1, 'Casa', 'Av. Principal 123, Ciudad'),
(2, 2, 'Departamento', 'Calle Secundaria 456, Apto 3B, Ciudad'),
(3, 3, 'Casa', 'Jr. Los Pinos 789, Ciudad'),
(4, 4, 'Casa', 'Urb. Las Flores Mz A Lt 12, Ciudad'),
(5, 5, 'Casa', 'Av. Central 234, Ciudad'),
(6, 5, 'Oficina', 'Edificio Empresarial, Piso 5, Of 501, Ciudad'),
(7, 6, 'Departamento', 'Calle Los Olivos 567, Dpto 4A, Ciudad'),
(8, 7, 'Casa', 'Jr. Las Palmeras 890, Ciudad'),
(9, 8, 'Casa', 'Urb. El Bosque Mz B Lt 8, Ciudad'),
(10, 9, 'Casa', 'Av. La Marina 345, Ciudad'),
(11, 10, 'Casa', 'Calle Los Alamos 678, Ciudad'),
(12, 10, 'Casa Playas', 'Urb. El Faro Mz C Lt 15, Ciudad Costera'),
(13, 11, 'Casa', 'Jr. Las Gardenias 901, Ciudad'),
(14, 12, 'Departamento', 'Av. Los Castaños 123, Dpto 2C, Ciudad'),
(15, 13, 'Casa', 'Calle Las Orquídeas 456, Ciudad'),
(16, 14, 'Casa', 'Urb. San José Mz D Lt 22, Ciudad'),
(17, 15, 'Casa', 'Av. Los Rosales 789, Ciudad'),
(18, 15, 'Casa', 'Urb. La Alborada Mz E Lt 30, Ciudad'),
(19, 16, 'Departamento', 'Jr. Los Girasoles 234, Dpto 1A, Ciudad'),
(20, 17, 'Casa', 'Calle Las Azucenas 567, Ciudad'),
(21, 18, 'Casa', 'Av. Los Cipreses 890, Ciudad'),
(22, 19, 'Casa', 'Urb. Santa María Mz F Lt 18, Ciudad'),
(23, 20, 'Casa', 'Jr. Las Hortensias 123, Ciudad'),
(24, 21, 'Casa', 'Calle Los Lirios 456, Ciudad'),
(25, 21, 'Oficina', 'Centro Empresarial, Torre A, Of 203, Ciudad'),
(26, 22, 'Departamento', 'Av. Las Camelias 789, Dpto 5B, Ciudad'),
(27, 23, 'Casa', 'Urb. Los Jardines Mz G Lt 25, Ciudad'),
(28, 24, 'Casa', 'Jr. Las Margaritas 234, Ciudad'),
(29, 25, 'Casa', 'Calle Los Claveles 567, Ciudad'),
(30, 25, 'Casa', 'Urb. El Remanso Mz H Lt 12, Ciudad'),
(31, 26, 'Departamento', 'Av. Los Laureles 890, Dpto 3D, Ciudad'),
(32, 27, 'Casa', 'Jr. Las Dalias 345, Ciudad'),
(33, 28, 'Casa', 'Calle Los Jazmines 678, Ciudad'),
(34, 29, 'Casa', 'Urb. Los Rosales Mz I Lt 9, Ciudad'),
(35, 30, 'Casa', 'Av. Las Magnolias 901, Ciudad'),
(36, 30, 'Casa', 'Urb. El Mirador Mz J Lt 16, Ciudad');

-- migrate:down

-- Primero eliminamos las tablas que tienen foreign keys
DELETE FROM addresses;
DELETE FROM phones;
DELETE FROM workers;
-- Por último eliminamos la tabla persons (que es referenciada por las anteriores)
DELETE FROM persons;

